<profile version="1.0">
  <option name="myName" value="Default" />
  <inspection_tool class="PyPackageRequirementsInspection" enabled="true" level="WARNING" enabled_by_default="true">
    <option name="ignoredPackages">
      <value>
        <list size="41">
          <item index="0" class="java.lang.String" itemvalue="alembic" />
          <item index="1" class="java.lang.String" itemvalue="greenlet" />
          <item index="2" class="java.lang.String" itemvalue="six" />
          <item index="3" class="java.lang.String" itemvalue="Werkzeug" />
          <item index="4" class="java.lang.String" itemvalue="SQLAlchemy" />
          <item index="5" class="java.lang.String" itemvalue="MarkupSafe" />
          <item index="6" class="java.lang.String" itemvalue="requests" />
          <item index="7" class="java.lang.String" itemvalue="click" />
          <item index="8" class="java.lang.String" itemvalue="Flask-SQLAlchemy" />
          <item index="9" class="java.lang.String" itemvalue="Jinja2" />
          <item index="10" class="java.lang.String" itemvalue="attrs" />
          <item index="11" class="java.lang.String" itemvalue="pyrsistent" />
          <item index="12" class="java.lang.String" itemvalue="importlib-resources" />
          <item index="13" class="java.lang.String" itemvalue="colorama" />
          <item index="14" class="java.lang.String" itemvalue="Flask-Migrate" />
          <item index="15" class="java.lang.String" itemvalue="zipp" />
          <item index="16" class="java.lang.String" itemvalue="certifi" />
          <item index="17" class="java.lang.String" itemvalue="charset-normalizer" />
          <item index="18" class="java.lang.String" itemvalue="urllib3" />
          <item index="19" class="java.lang.String" itemvalue="itsdangerous" />
          <item index="20" class="java.lang.String" itemvalue="Mako" />
          <item index="21" class="java.lang.String" itemvalue="Flask" />
          <item index="22" class="java.lang.String" itemvalue="idna" />
          <item index="23" class="java.lang.String" itemvalue="Flask_SQLAlchemy" />
          <item index="24" class="java.lang.String" itemvalue="Flask_JWT_Extended" />
          <item index="25" class="java.lang.String" itemvalue="pytest" />
          <item index="26" class="java.lang.String" itemvalue="psycopg2-binary" />
          <item index="27" class="java.lang.String" itemvalue="gunicorn" />
          <item index="28" class="java.lang.String" itemvalue="Flask_Migrate" />
          <item index="29" class="java.lang.String" itemvalue="chardet" />
          <item index="30" class="java.lang.String" itemvalue="typing-extensions" />
          <item index="31" class="java.lang.String" itemvalue="blinker" />
          <item index="32" class="java.lang.String" itemvalue="celery" />
          <item index="33" class="java.lang.String" itemvalue="amqp" />
          <item index="34" class="java.lang.String" itemvalue="Flask-Mail" />
          <item index="35" class="java.lang.String" itemvalue="Click" />
          <item index="36" class="java.lang.String" itemvalue="kombu" />
          <item index="37" class="java.lang.String" itemvalue="pytz" />
          <item index="38" class="java.lang.String" itemvalue="billiard" />
          <item index="39" class="java.lang.String" itemvalue="redis" />
          <item index="40" class="java.lang.String" itemvalue="test-framework" />
        </list>
      </value>
    </option>
  </inspection_tool>
</profile>