[{"model": "admin.logentry", "pk": 1, "fields": {"action_time": "2021-07-28T03:56:30.674Z", "user": 1, "content_type": 10, "object_id": "1", "object_repr": "Молоко", "action_flag": 1, "change_message": "[{\"added\": {}}]"}}, {"model": "admin.logentry", "pk": 2, "fields": {"action_time": "2021-07-28T03:57:16.430Z", "user": 1, "content_type": 10, "object_id": "2", "object_repr": "Масло сливочное", "action_flag": 1, "change_message": "[{\"added\": {}}]"}}, {"model": "admin.logentry", "pk": 3, "fields": {"action_time": "2021-07-28T03:57:48.959Z", "user": 1, "content_type": 10, "object_id": "3", "object_repr": "Колбаса", "action_flag": 1, "change_message": "[{\"added\": {}}]"}}, {"model": "admin.logentry", "pk": 4, "fields": {"action_time": "2021-07-28T04:01:17.649Z", "user": 1, "content_type": 4, "object_id": "2", "object_repr": "Vasya", "action_flag": 1, "change_message": "[{\"added\": {}}]"}}, {"model": "admin.logentry", "pk": 5, "fields": {"action_time": "2021-07-28T04:02:06.197Z", "user": 1, "content_type": 4, "object_id": "2", "object_repr": "Vasya", "action_flag": 2, "change_message": "[]"}}, {"model": "admin.logentry", "pk": 6, "fields": {"action_time": "2021-07-28T04:03:21.346Z", "user": 1, "content_type": 9, "object_id": "1", "object_repr": "1 - 0.0", "action_flag": 1, "change_message": "[{\"added\": {}}, {\"added\": {\"name\": \"product in order\", \"object\": \"1: \\u041c\\u043e\\u043b\\u043e\\u043a\\u043e, 1 - 0.0\"}}, {\"added\": {\"name\": \"product in order\", \"object\": \"2: \\u041c\\u0430\\u0441\\u043b\\u043e \\u0441\\u043b\\u0438\\u0432\\u043e\\u0447\\u043d\\u043e\\u0435, 1 - 0.0\"}}]"}}, {"model": "admin.logentry", "pk": 7, "fields": {"action_time": "2021-07-28T04:04:05.137Z", "user": 1, "content_type": 9, "object_id": "1", "object_repr": "1 - 0.0", "action_flag": 2, "change_message": "[]"}}, {"model": "admin.logentry", "pk": 8, "fields": {"action_time": "2021-07-28T04:47:54.905Z", "user": 1, "content_type": 11, "object_id": "1", "object_repr": "1 - 11", "action_flag": 1, "change_message": "[{\"added\": {}}]"}}, {"model": "admin.logentry", "pk": 9, "fields": {"action_time": "2021-07-28T04:54:03.100Z", "user": 1, "content_type": 11, "object_id": "1", "object_repr": "1 - 5", "action_flag": 2, "change_message": "[{\"changed\": {\"fields\": [\"\\u041e\\u0446\\u0435\\u043d\\u043a\\u0430\"]}}]"}}, {"model": "admin.logentry", "pk": 10, "fields": {"action_time": "2021-07-28T04:54:22.700Z", "user": 1, "content_type": 11, "object_id": "1", "object_repr": "1 - 1", "action_flag": 2, "change_message": "[{\"changed\": {\"fields\": [\"\\u041e\\u0446\\u0435\\u043d\\u043a\\u0430\"]}}]"}}, {"model": "admin.logentry", "pk": 11, "fields": {"action_time": "2021-07-28T05:06:40.665Z", "user": 1, "content_type": 13, "object_id": "1", "object_repr": "1 - Молочные продукты", "action_flag": 1, "change_message": "[{\"added\": {}}]"}}, {"model": "admin.logentry", "pk": 12, "fields": {"action_time": "2021-07-28T06:02:26.957Z", "user": 1, "content_type": 8, "object_id": "1", "object_repr": "1b3c83cf642437e9c3c91ce5289edeeeb35f1d5f", "action_flag": 1, "change_message": "[{\"added\": {}}]"}}, {"model": "admin.logentry", "pk": 13, "fields": {"action_time": "2021-07-28T18:48:39.761Z", "user": 1, "content_type": 8, "object_id": "2", "object_repr": "553f9f14bb506f6911917c5cf42ea282ed23fe24", "action_flag": 1, "change_message": "[{\"added\": {}}]"}}, {"model": "admin.logentry", "pk": 14, "fields": {"action_time": "2021-07-29T05:40:18.824Z", "user": 1, "content_type": 9, "object_id": "2", "object_repr": "Заказ №2. Покупатель: admin (id:1)", "action_flag": 1, "change_message": "[{\"added\": {}}, {\"added\": {\"name\": \"product in order\", \"object\": \"3: id: 3. \\u041d\\u0430\\u0437\\u0432\\u0430\\u043d\\u0438\\u0435: \\\"\\u041a\\u043e\\u043b\\u0431\\u0430\\u0441\\u0430\\\", \\u0417\\u0430\\u043a\\u0430\\u0437 \\u21162. \\u041f\\u043e\\u043a\\u0443\\u043f\\u0430\\u0442\\u0435\\u043b\\u044c: admin (id:1)\"}}, {\"added\": {\"name\": \"product in order\", \"object\": \"4: id: 4. \\u041d\\u0430\\u0437\\u0432\\u0430\\u043d\\u0438\\u0435: \\\"\\u0421\\u043c\\u0435\\u0442\\u0430\\u043d\\u0430\\\", \\u0417\\u0430\\u043a\\u0430\\u0437 \\u21162. \\u041f\\u043e\\u043a\\u0443\\u043f\\u0430\\u0442\\u0435\\u043b\\u044c: admin (id:1)\"}}]"}}, {"model": "admin.logentry", "pk": 15, "fields": {"action_time": "2021-07-29T05:51:14.802Z", "user": 1, "content_type": 9, "object_id": "4", "object_repr": "Заказ №4. Покупатель: Vasya (id:2)", "action_flag": 1, "change_message": "[{\"added\": {}}, {\"added\": {\"name\": \"product in order\", \"object\": \"5: id: 1. \\u041d\\u0430\\u0437\\u0432\\u0430\\u043d\\u0438\\u0435: \\\"\\u041c\\u043e\\u043b\\u043e\\u043a\\u043e\\\", \\u0417\\u0430\\u043a\\u0430\\u0437 \\u21164. \\u041f\\u043e\\u043a\\u0443\\u043f\\u0430\\u0442\\u0435\\u043b\\u044c: Vasya (id:2)\"}}, {\"added\": {\"name\": \"product in order\", \"object\": \"6: id: 3. \\u041d\\u0430\\u0437\\u0432\\u0430\\u043d\\u0438\\u0435: \\\"\\u041a\\u043e\\u043b\\u0431\\u0430\\u0441\\u0430\\\", \\u0417\\u0430\\u043a\\u0430\\u0437 \\u21164. \\u041f\\u043e\\u043a\\u0443\\u043f\\u0430\\u0442\\u0435\\u043b\\u044c: Vasya (id:2)\"}}]"}}, {"model": "admin.logentry", "pk": 16, "fields": {"action_time": "2021-07-31T05:45:47.207Z", "user": 1, "content_type": 9, "object_id": "16", "object_repr": "Заказ №16. Покупатель: None (id:None)", "action_flag": 3, "change_message": ""}}, {"model": "admin.logentry", "pk": 17, "fields": {"action_time": "2021-07-31T05:45:47.291Z", "user": 1, "content_type": 9, "object_id": "15", "object_repr": "Заказ №15. Покупатель: None (id:None)", "action_flag": 3, "change_message": ""}}, {"model": "admin.logentry", "pk": 18, "fields": {"action_time": "2021-07-31T06:08:12.706Z", "user": 1, "content_type": 10, "object_id": "5", "object_repr": "id: 5. Название: \"Honey\"", "action_flag": 1, "change_message": "[{\"added\": {}}]"}}, {"model": "admin.logentry", "pk": 19, "fields": {"action_time": "2021-07-31T08:00:48.258Z", "user": 1, "content_type": 9, "object_id": "31", "object_repr": "Заказ №31. Покупатель: Vasya (id:2)", "action_flag": 1, "change_message": "[{\"added\": {}}, {\"added\": {\"name\": \"product in order\", \"object\": \"49: id: 5. \\u041d\\u0430\\u0437\\u0432\\u0430\\u043d\\u0438\\u0435: \\\"Honey\\\", \\u0417\\u0430\\u043a\\u0430\\u0437 \\u211631. \\u041f\\u043e\\u043a\\u0443\\u043f\\u0430\\u0442\\u0435\\u043b\\u044c: Vasya (id:2)\"}}, {\"added\": {\"name\": \"product in order\", \"object\": \"50: id: 1. \\u041d\\u0430\\u0437\\u0432\\u0430\\u043d\\u0438\\u0435: \\\"\\u041c\\u043e\\u043b\\u043e\\u043a\\u043e\\\", \\u0417\\u0430\\u043a\\u0430\\u0437 \\u211631. \\u041f\\u043e\\u043a\\u0443\\u043f\\u0430\\u0442\\u0435\\u043b\\u044c: Vasya (id:2)\"}}]"}}, {"model": "admin.logentry", "pk": 20, "fields": {"action_time": "2021-07-31T08:09:32.684Z", "user": 1, "content_type": 9, "object_id": "32", "object_repr": "Заказ №32. Покупатель: Vasya (id:2)", "action_flag": 1, "change_message": "[{\"added\": {}}, {\"added\": {\"name\": \"product in order\", \"object\": \"51: id: 5. \\u041d\\u0430\\u0437\\u0432\\u0430\\u043d\\u0438\\u0435: \\\"Honey\\\", \\u0417\\u0430\\u043a\\u0430\\u0437 \\u211632. \\u041f\\u043e\\u043a\\u0443\\u043f\\u0430\\u0442\\u0435\\u043b\\u044c: Vasya (id:2)\"}}, {\"added\": {\"name\": \"product in order\", \"object\": \"52: id: 3. \\u041d\\u0430\\u0437\\u0432\\u0430\\u043d\\u0438\\u0435: \\\"\\u041a\\u043e\\u043b\\u0431\\u0430\\u0441\\u0430\\\", \\u0417\\u0430\\u043a\\u0430\\u0437 \\u211632. \\u041f\\u043e\\u043a\\u0443\\u043f\\u0430\\u0442\\u0435\\u043b\\u044c: Vasya (id:2)\"}}]"}}, {"model": "admin.logentry", "pk": 21, "fields": {"action_time": "2021-07-31T08:10:29.896Z", "user": 1, "content_type": 9, "object_id": "33", "object_repr": "Заказ №33. Покупатель: Vasya (id:2)", "action_flag": 1, "change_message": "[{\"added\": {}}, {\"added\": {\"name\": \"product in order\", \"object\": \"53: id: 1. \\u041d\\u0430\\u0437\\u0432\\u0430\\u043d\\u0438\\u0435: \\\"\\u041c\\u043e\\u043b\\u043e\\u043a\\u043e\\\", \\u0417\\u0430\\u043a\\u0430\\u0437 \\u211633. \\u041f\\u043e\\u043a\\u0443\\u043f\\u0430\\u0442\\u0435\\u043b\\u044c: Vasya (id:2)\"}}, {\"added\": {\"name\": \"product in order\", \"object\": \"54: id: 3. \\u041d\\u0430\\u0437\\u0432\\u0430\\u043d\\u0438\\u0435: \\\"\\u041a\\u043e\\u043b\\u0431\\u0430\\u0441\\u0430\\\", \\u0417\\u0430\\u043a\\u0430\\u0437 \\u211633. \\u041f\\u043e\\u043a\\u0443\\u043f\\u0430\\u0442\\u0435\\u043b\\u044c: Vasya (id:2)\"}}]"}}, {"model": "admin.logentry", "pk": 22, "fields": {"action_time": "2021-07-31T08:13:35.711Z", "user": 1, "content_type": 9, "object_id": "34", "object_repr": "Заказ №34. Покупатель: Vasya (id:2)", "action_flag": 1, "change_message": "[{\"added\": {}}, {\"added\": {\"name\": \"product in order\", \"object\": \"55: id: 1. \\u041d\\u0430\\u0437\\u0432\\u0430\\u043d\\u0438\\u0435: \\\"\\u041c\\u043e\\u043b\\u043e\\u043a\\u043e\\\", \\u0417\\u0430\\u043a\\u0430\\u0437 \\u211634. \\u041f\\u043e\\u043a\\u0443\\u043f\\u0430\\u0442\\u0435\\u043b\\u044c: Vasya (id:2)\"}}, {\"added\": {\"name\": \"product in order\", \"object\": \"56: id: 3. \\u041d\\u0430\\u0437\\u0432\\u0430\\u043d\\u0438\\u0435: \\\"\\u041a\\u043e\\u043b\\u0431\\u0430\\u0441\\u0430\\\", \\u0417\\u0430\\u043a\\u0430\\u0437 \\u211634. \\u041f\\u043e\\u043a\\u0443\\u043f\\u0430\\u0442\\u0435\\u043b\\u044c: Vasya (id:2)\"}}]"}}, {"model": "admin.logentry", "pk": 23, "fields": {"action_time": "2021-07-31T11:28:32.754Z", "user": 1, "content_type": 9, "object_id": "48", "object_repr": "Заказ №48. Покупатель: Vasya (id:2)", "action_flag": 1, "change_message": "[{\"added\": {}}, {\"added\": {\"name\": \"product in order\", \"object\": \"96: id: 1. \\u041d\\u0430\\u0437\\u0432\\u0430\\u043d\\u0438\\u0435: \\\"\\u041c\\u043e\\u043b\\u043e\\u043a\\u043e\\\", \\u0417\\u0430\\u043a\\u0430\\u0437 \\u211648. \\u041f\\u043e\\u043a\\u0443\\u043f\\u0430\\u0442\\u0435\\u043b\\u044c: Vasya (id:2)\"}}, {\"added\": {\"name\": \"product in order\", \"object\": \"97: id: 5. \\u041d\\u0430\\u0437\\u0432\\u0430\\u043d\\u0438\\u0435: \\\"Honey\\\", \\u0417\\u0430\\u043a\\u0430\\u0437 \\u211648. \\u041f\\u043e\\u043a\\u0443\\u043f\\u0430\\u0442\\u0435\\u043b\\u044c: Vasya (id:2)\"}}]"}}, {"model": "admin.logentry", "pk": 24, "fields": {"action_time": "2021-07-31T12:36:38.693Z", "user": 1, "content_type": 9, "object_id": "56", "object_repr": "Заказ №56. Покупатель: Vasya (id:2)", "action_flag": 1, "change_message": "[{\"added\": {}}, {\"added\": {\"name\": \"product in order\", \"object\": \"105: id: 1. \\u041d\\u0430\\u0437\\u0432\\u0430\\u043d\\u0438\\u0435: \\\"\\u041c\\u043e\\u043b\\u043e\\u043a\\u043e\\\", \\u0417\\u0430\\u043a\\u0430\\u0437 \\u211656. \\u041f\\u043e\\u043a\\u0443\\u043f\\u0430\\u0442\\u0435\\u043b\\u044c: Vasya (id:2)\"}}, {\"added\": {\"name\": \"product in order\", \"object\": \"106: id: 5. \\u041d\\u0430\\u0437\\u0432\\u0430\\u043d\\u0438\\u0435: \\\"Honey\\\", \\u0417\\u0430\\u043a\\u0430\\u0437 \\u211656. \\u041f\\u043e\\u043a\\u0443\\u043f\\u0430\\u0442\\u0435\\u043b\\u044c: Vasya (id:2)\"}}]"}}, {"model": "admin.logentry", "pk": 25, "fields": {"action_time": "2021-08-01T05:46:18.261Z", "user": 1, "content_type": 11, "object_id": "2", "object_repr": "\n        Отзыв №2. Продукт: Honey \n        (id: 5). Автор: Vasya\n        ", "action_flag": 1, "change_message": "[{\"added\": {}}]"}}, {"model": "admin.logentry", "pk": 26, "fields": {"action_time": "2021-08-01T07:26:40.860Z", "user": 1, "content_type": 10, "object_id": "6", "object_repr": "id: 6. Название: \"Sugar\"", "action_flag": 1, "change_message": "[{\"added\": {}}]"}}, {"model": "admin.logentry", "pk": 27, "fields": {"action_time": "2021-08-01T18:04:39.012Z", "user": 1, "content_type": 9, "object_id": "62", "object_repr": "Заказ №62. Покупатель: Vasya (id:2)", "action_flag": 1, "change_message": "[{\"added\": {}}, {\"added\": {\"name\": \"order positions\", \"object\": \"\\u0417\\u0430\\u043a\\u0430\\u0437 \\u211662. \\u041f\\u043e\\u043a\\u0443\\u043f\\u0430\\u0442\\u0435\\u043b\\u044c: Vasya (id:2)\"}}, {\"added\": {\"name\": \"order positions\", \"object\": \"\\u0417\\u0430\\u043a\\u0430\\u0437 \\u211662. \\u041f\\u043e\\u043a\\u0443\\u043f\\u0430\\u0442\\u0435\\u043b\\u044c: Vasya (id:2)\"}}]"}}, {"model": "admin.logentry", "pk": 28, "fields": {"action_time": "2021-08-02T11:03:15.962Z", "user": 1, "content_type": 9, "object_id": "122", "object_repr": "Заказ №122. Покупатель: Vasya (id:2)", "action_flag": 3, "change_message": ""}}, {"model": "admin.logentry", "pk": 29, "fields": {"action_time": "2021-08-02T11:03:15.994Z", "user": 1, "content_type": 9, "object_id": "121", "object_repr": "Заказ №121. Покупатель: Vasya (id:2)", "action_flag": 3, "change_message": ""}}, {"model": "admin.logentry", "pk": 30, "fields": {"action_time": "2021-08-02T11:03:16.044Z", "user": 1, "content_type": 9, "object_id": "120", "object_repr": "Заказ №120. Покупатель: Vasya (id:2)", "action_flag": 3, "change_message": ""}}, {"model": "admin.logentry", "pk": 31, "fields": {"action_time": "2021-08-02T11:03:16.065Z", "user": 1, "content_type": 9, "object_id": "119", "object_repr": "Заказ №119. Покупатель: Vasya (id:2)", "action_flag": 3, "change_message": ""}}, {"model": "admin.logentry", "pk": 32, "fields": {"action_time": "2021-08-02T11:03:16.085Z", "user": 1, "content_type": 9, "object_id": "118", "object_repr": "Заказ №118. Покупатель: Vasya (id:2)", "action_flag": 3, "change_message": ""}}, {"model": "admin.logentry", "pk": 33, "fields": {"action_time": "2021-08-02T11:03:16.108Z", "user": 1, "content_type": 9, "object_id": "117", "object_repr": "Заказ №117. Покупатель: Vasya (id:2)", "action_flag": 3, "change_message": ""}}, {"model": "admin.logentry", "pk": 34, "fields": {"action_time": "2021-08-02T11:03:16.130Z", "user": 1, "content_type": 9, "object_id": "116", "object_repr": "Заказ №116. Покупатель: Vasya (id:2)", "action_flag": 3, "change_message": ""}}, {"model": "admin.logentry", "pk": 35, "fields": {"action_time": "2021-08-02T11:03:16.149Z", "user": 1, "content_type": 9, "object_id": "115", "object_repr": "Заказ №115. Покупатель: Vasya (id:2)", "action_flag": 3, "change_message": ""}}, {"model": "admin.logentry", "pk": 36, "fields": {"action_time": "2021-08-02T11:03:16.172Z", "user": 1, "content_type": 9, "object_id": "114", "object_repr": "Заказ №114. Покупатель: Vasya (id:2)", "action_flag": 3, "change_message": ""}}, {"model": "admin.logentry", "pk": 37, "fields": {"action_time": "2021-08-02T11:03:16.192Z", "user": 1, "content_type": 9, "object_id": "113", "object_repr": "Заказ №113. Покупатель: Vasya (id:2)", "action_flag": 3, "change_message": ""}}, {"model": "admin.logentry", "pk": 38, "fields": {"action_time": "2021-08-02T11:03:16.219Z", "user": 1, "content_type": 9, "object_id": "112", "object_repr": "Заказ №112. Покупатель: Vasya (id:2)", "action_flag": 3, "change_message": ""}}, {"model": "admin.logentry", "pk": 39, "fields": {"action_time": "2021-08-02T11:03:16.241Z", "user": 1, "content_type": 9, "object_id": "111", "object_repr": "Заказ №111. Покупатель: Vasya (id:2)", "action_flag": 3, "change_message": ""}}, {"model": "admin.logentry", "pk": 40, "fields": {"action_time": "2021-08-02T11:03:16.271Z", "user": 1, "content_type": 9, "object_id": "110", "object_repr": "Заказ №110. Покупатель: Vasya (id:2)", "action_flag": 3, "change_message": ""}}, {"model": "admin.logentry", "pk": 41, "fields": {"action_time": "2021-08-02T11:03:16.292Z", "user": 1, "content_type": 9, "object_id": "109", "object_repr": "Заказ №109. Покупатель: Vasya (id:2)", "action_flag": 3, "change_message": ""}}, {"model": "admin.logentry", "pk": 42, "fields": {"action_time": "2021-08-02T11:03:16.325Z", "user": 1, "content_type": 9, "object_id": "108", "object_repr": "Заказ №108. Покупатель: Vasya (id:2)", "action_flag": 3, "change_message": ""}}, {"model": "admin.logentry", "pk": 43, "fields": {"action_time": "2021-08-02T11:03:16.349Z", "user": 1, "content_type": 9, "object_id": "107", "object_repr": "Заказ №107. Покупатель: Vasya (id:2)", "action_flag": 3, "change_message": ""}}, {"model": "admin.logentry", "pk": 44, "fields": {"action_time": "2021-08-02T11:03:16.379Z", "user": 1, "content_type": 9, "object_id": "106", "object_repr": "Заказ №106. Покупатель: Vasya (id:2)", "action_flag": 3, "change_message": ""}}, {"model": "admin.logentry", "pk": 45, "fields": {"action_time": "2021-08-02T11:03:16.401Z", "user": 1, "content_type": 9, "object_id": "105", "object_repr": "Заказ №105. Покупатель: Vasya (id:2)", "action_flag": 3, "change_message": ""}}, {"model": "admin.logentry", "pk": 46, "fields": {"action_time": "2021-08-02T11:03:16.428Z", "user": 1, "content_type": 9, "object_id": "104", "object_repr": "Заказ №104. Покупатель: Vasya (id:2)", "action_flag": 3, "change_message": ""}}, {"model": "admin.logentry", "pk": 47, "fields": {"action_time": "2021-08-02T11:03:16.446Z", "user": 1, "content_type": 9, "object_id": "103", "object_repr": "Заказ №103. Покупатель: Vasya (id:2)", "action_flag": 3, "change_message": ""}}, {"model": "admin.logentry", "pk": 48, "fields": {"action_time": "2021-08-02T11:03:16.466Z", "user": 1, "content_type": 9, "object_id": "102", "object_repr": "Заказ №102. Покупатель: Vasya (id:2)", "action_flag": 3, "change_message": ""}}, {"model": "admin.logentry", "pk": 49, "fields": {"action_time": "2021-08-02T11:03:16.490Z", "user": 1, "content_type": 9, "object_id": "101", "object_repr": "Заказ №101. Покупатель: Vasya (id:2)", "action_flag": 3, "change_message": ""}}, {"model": "admin.logentry", "pk": 50, "fields": {"action_time": "2021-08-02T11:03:16.513Z", "user": 1, "content_type": 9, "object_id": "100", "object_repr": "Заказ №100. Покупатель: Vasya (id:2)", "action_flag": 3, "change_message": ""}}, {"model": "admin.logentry", "pk": 51, "fields": {"action_time": "2021-08-02T11:03:16.532Z", "user": 1, "content_type": 9, "object_id": "99", "object_repr": "Заказ №99. Покупатель: Vasya (id:2)", "action_flag": 3, "change_message": ""}}, {"model": "admin.logentry", "pk": 52, "fields": {"action_time": "2021-08-02T11:03:16.551Z", "user": 1, "content_type": 9, "object_id": "98", "object_repr": "Заказ №98. Покупатель: Vasya (id:2)", "action_flag": 3, "change_message": ""}}, {"model": "admin.logentry", "pk": 53, "fields": {"action_time": "2021-08-02T11:03:16.570Z", "user": 1, "content_type": 9, "object_id": "97", "object_repr": "Заказ №97. Покупатель: Vasya (id:2)", "action_flag": 3, "change_message": ""}}, {"model": "admin.logentry", "pk": 54, "fields": {"action_time": "2021-08-02T11:03:16.589Z", "user": 1, "content_type": 9, "object_id": "96", "object_repr": "Заказ №96. Покупатель: Vasya (id:2)", "action_flag": 3, "change_message": ""}}, {"model": "admin.logentry", "pk": 55, "fields": {"action_time": "2021-08-02T11:03:16.612Z", "user": 1, "content_type": 9, "object_id": "95", "object_repr": "Заказ №95. Покупатель: Vasya (id:2)", "action_flag": 3, "change_message": ""}}, {"model": "admin.logentry", "pk": 56, "fields": {"action_time": "2021-08-02T11:03:16.631Z", "user": 1, "content_type": 9, "object_id": "94", "object_repr": "Заказ №94. Покупатель: Vasya (id:2)", "action_flag": 3, "change_message": ""}}, {"model": "admin.logentry", "pk": 57, "fields": {"action_time": "2021-08-02T11:03:16.650Z", "user": 1, "content_type": 9, "object_id": "93", "object_repr": "Заказ №93. Покупатель: Vasya (id:2)", "action_flag": 3, "change_message": ""}}, {"model": "admin.logentry", "pk": 58, "fields": {"action_time": "2021-08-02T11:03:16.672Z", "user": 1, "content_type": 9, "object_id": "92", "object_repr": "Заказ №92. Покупатель: Vasya (id:2)", "action_flag": 3, "change_message": ""}}, {"model": "admin.logentry", "pk": 59, "fields": {"action_time": "2021-08-02T11:03:16.693Z", "user": 1, "content_type": 9, "object_id": "91", "object_repr": "Заказ №91. Покупатель: Vasya (id:2)", "action_flag": 3, "change_message": ""}}, {"model": "admin.logentry", "pk": 60, "fields": {"action_time": "2021-08-02T11:03:16.716Z", "user": 1, "content_type": 9, "object_id": "90", "object_repr": "Заказ №90. Покупатель: Vasya (id:2)", "action_flag": 3, "change_message": ""}}, {"model": "admin.logentry", "pk": 61, "fields": {"action_time": "2021-08-02T11:03:16.734Z", "user": 1, "content_type": 9, "object_id": "89", "object_repr": "Заказ №89. Покупатель: Vasya (id:2)", "action_flag": 3, "change_message": ""}}, {"model": "admin.logentry", "pk": 62, "fields": {"action_time": "2021-08-02T11:03:16.753Z", "user": 1, "content_type": 9, "object_id": "88", "object_repr": "Заказ №88. Покупатель: Vasya (id:2)", "action_flag": 3, "change_message": ""}}, {"model": "admin.logentry", "pk": 63, "fields": {"action_time": "2021-08-02T11:03:16.779Z", "user": 1, "content_type": 9, "object_id": "87", "object_repr": "Заказ №87. Покупатель: Vasya (id:2)", "action_flag": 3, "change_message": ""}}, {"model": "admin.logentry", "pk": 64, "fields": {"action_time": "2021-08-02T11:03:16.797Z", "user": 1, "content_type": 9, "object_id": "86", "object_repr": "Заказ №86. Покупатель: Vasya (id:2)", "action_flag": 3, "change_message": ""}}, {"model": "admin.logentry", "pk": 65, "fields": {"action_time": "2021-08-02T11:03:16.820Z", "user": 1, "content_type": 9, "object_id": "85", "object_repr": "Заказ №85. Покупатель: Vasya (id:2)", "action_flag": 3, "change_message": ""}}, {"model": "admin.logentry", "pk": 66, "fields": {"action_time": "2021-08-02T11:03:16.844Z", "user": 1, "content_type": 9, "object_id": "84", "object_repr": "Заказ №84. Покупатель: Vasya (id:2)", "action_flag": 3, "change_message": ""}}, {"model": "admin.logentry", "pk": 67, "fields": {"action_time": "2021-08-02T11:03:16.874Z", "user": 1, "content_type": 9, "object_id": "83", "object_repr": "Заказ №83. Покупатель: Vasya (id:2)", "action_flag": 3, "change_message": ""}}, {"model": "admin.logentry", "pk": 68, "fields": {"action_time": "2021-08-02T11:03:16.892Z", "user": 1, "content_type": 9, "object_id": "82", "object_repr": "Заказ №82. Покупатель: Vasya (id:2)", "action_flag": 3, "change_message": ""}}, {"model": "admin.logentry", "pk": 69, "fields": {"action_time": "2021-08-02T11:03:16.914Z", "user": 1, "content_type": 9, "object_id": "81", "object_repr": "Заказ №81. Покупатель: Vasya (id:2)", "action_flag": 3, "change_message": ""}}, {"model": "admin.logentry", "pk": 70, "fields": {"action_time": "2021-08-02T11:03:16.933Z", "user": 1, "content_type": 9, "object_id": "80", "object_repr": "Заказ №80. Покупатель: Vasya (id:2)", "action_flag": 3, "change_message": ""}}, {"model": "admin.logentry", "pk": 71, "fields": {"action_time": "2021-08-02T11:03:16.951Z", "user": 1, "content_type": 9, "object_id": "79", "object_repr": "Заказ №79. Покупатель: Vasya (id:2)", "action_flag": 3, "change_message": ""}}, {"model": "admin.logentry", "pk": 72, "fields": {"action_time": "2021-08-02T11:03:16.971Z", "user": 1, "content_type": 9, "object_id": "78", "object_repr": "Заказ №78. Покупатель: Vasya (id:2)", "action_flag": 3, "change_message": ""}}, {"model": "admin.logentry", "pk": 73, "fields": {"action_time": "2021-08-02T11:03:17.017Z", "user": 1, "content_type": 9, "object_id": "77", "object_repr": "Заказ №77. Покупатель: Vasya (id:2)", "action_flag": 3, "change_message": ""}}, {"model": "admin.logentry", "pk": 74, "fields": {"action_time": "2021-08-02T11:03:17.055Z", "user": 1, "content_type": 9, "object_id": "76", "object_repr": "Заказ №76. Покупатель: Vasya (id:2)", "action_flag": 3, "change_message": ""}}, {"model": "admin.logentry", "pk": 75, "fields": {"action_time": "2021-08-02T11:03:17.080Z", "user": 1, "content_type": 9, "object_id": "75", "object_repr": "Заказ №75. Покупатель: Vasya (id:2)", "action_flag": 3, "change_message": ""}}, {"model": "admin.logentry", "pk": 76, "fields": {"action_time": "2021-08-02T11:03:17.098Z", "user": 1, "content_type": 9, "object_id": "74", "object_repr": "Заказ №74. Покупатель: Vasya (id:2)", "action_flag": 3, "change_message": ""}}, {"model": "admin.logentry", "pk": 77, "fields": {"action_time": "2021-08-02T11:03:17.117Z", "user": 1, "content_type": 9, "object_id": "73", "object_repr": "Заказ №73. Покупатель: Vasya (id:2)", "action_flag": 3, "change_message": ""}}, {"model": "admin.logentry", "pk": 78, "fields": {"action_time": "2021-08-02T11:03:17.136Z", "user": 1, "content_type": 9, "object_id": "72", "object_repr": "Заказ №72. Покупатель: Vasya (id:2)", "action_flag": 3, "change_message": ""}}, {"model": "admin.logentry", "pk": 79, "fields": {"action_time": "2021-08-02T11:03:17.155Z", "user": 1, "content_type": 9, "object_id": "71", "object_repr": "Заказ №71. Покупатель: Vasya (id:2)", "action_flag": 3, "change_message": ""}}, {"model": "admin.logentry", "pk": 80, "fields": {"action_time": "2021-08-02T11:03:17.173Z", "user": 1, "content_type": 9, "object_id": "70", "object_repr": "Заказ №70. Покупатель: Vasya (id:2)", "action_flag": 3, "change_message": ""}}, {"model": "admin.logentry", "pk": 81, "fields": {"action_time": "2021-08-02T11:03:17.192Z", "user": 1, "content_type": 9, "object_id": "69", "object_repr": "Заказ №69. Покупатель: Vasya (id:2)", "action_flag": 3, "change_message": ""}}, {"model": "admin.logentry", "pk": 82, "fields": {"action_time": "2021-08-02T11:03:17.212Z", "user": 1, "content_type": 9, "object_id": "68", "object_repr": "Заказ №68. Покупатель: Vasya (id:2)", "action_flag": 3, "change_message": ""}}, {"model": "admin.logentry", "pk": 83, "fields": {"action_time": "2021-08-02T11:03:17.230Z", "user": 1, "content_type": 9, "object_id": "67", "object_repr": "Заказ №67. Покупатель: Vasya (id:2)", "action_flag": 3, "change_message": ""}}, {"model": "admin.logentry", "pk": 84, "fields": {"action_time": "2021-08-02T11:03:17.248Z", "user": 1, "content_type": 9, "object_id": "66", "object_repr": "Заказ №66. Покупатель: Vasya (id:2)", "action_flag": 3, "change_message": ""}}, {"model": "admin.logentry", "pk": 85, "fields": {"action_time": "2021-08-02T11:03:17.266Z", "user": 1, "content_type": 9, "object_id": "65", "object_repr": "Заказ №65. Покупатель: Vasya (id:2)", "action_flag": 3, "change_message": ""}}, {"model": "admin.logentry", "pk": 86, "fields": {"action_time": "2021-08-02T11:03:17.285Z", "user": 1, "content_type": 9, "object_id": "64", "object_repr": "Заказ №64. Покупатель: Vasya (id:2)", "action_flag": 3, "change_message": ""}}, {"model": "admin.logentry", "pk": 87, "fields": {"action_time": "2021-08-02T11:03:17.304Z", "user": 1, "content_type": 9, "object_id": "63", "object_repr": "Заказ №63. Покупатель: Vasya (id:2)", "action_flag": 3, "change_message": ""}}, {"model": "admin.logentry", "pk": 88, "fields": {"action_time": "2021-08-02T11:03:17.325Z", "user": 1, "content_type": 9, "object_id": "62", "object_repr": "Заказ №62. Покупатель: Vasya (id:2)", "action_flag": 3, "change_message": ""}}, {"model": "admin.logentry", "pk": 89, "fields": {"action_time": "2021-08-02T11:03:17.348Z", "user": 1, "content_type": 9, "object_id": "61", "object_repr": "Заказ №61. Покупатель: Vasya (id:2)", "action_flag": 3, "change_message": ""}}, {"model": "admin.logentry", "pk": 90, "fields": {"action_time": "2021-08-02T11:03:17.368Z", "user": 1, "content_type": 9, "object_id": "60", "object_repr": "Заказ №60. Покупатель: Vasya (id:2)", "action_flag": 3, "change_message": ""}}, {"model": "admin.logentry", "pk": 91, "fields": {"action_time": "2021-08-02T11:03:17.387Z", "user": 1, "content_type": 9, "object_id": "59", "object_repr": "Заказ №59. Покупатель: Vasya (id:2)", "action_flag": 3, "change_message": ""}}, {"model": "admin.logentry", "pk": 92, "fields": {"action_time": "2021-08-02T11:03:17.412Z", "user": 1, "content_type": 9, "object_id": "57", "object_repr": "Заказ №57. Покупатель: Vasya (id:2)", "action_flag": 3, "change_message": ""}}, {"model": "admin.logentry", "pk": 93, "fields": {"action_time": "2021-08-02T11:03:17.432Z", "user": 1, "content_type": 9, "object_id": "55", "object_repr": "Заказ №55. Покупатель: Vasya (id:2)", "action_flag": 3, "change_message": ""}}, {"model": "admin.logentry", "pk": 94, "fields": {"action_time": "2021-08-02T11:03:17.451Z", "user": 1, "content_type": 9, "object_id": "54", "object_repr": "Заказ №54. Покупатель: Vasya (id:2)", "action_flag": 3, "change_message": ""}}, {"model": "admin.logentry", "pk": 95, "fields": {"action_time": "2021-08-02T11:03:17.469Z", "user": 1, "content_type": 9, "object_id": "52", "object_repr": "Заказ №52. Покупатель: Vasya (id:2)", "action_flag": 3, "change_message": ""}}, {"model": "admin.logentry", "pk": 96, "fields": {"action_time": "2021-08-02T11:03:17.488Z", "user": 1, "content_type": 9, "object_id": "50", "object_repr": "Заказ №50. Покупатель: Vasya (id:2)", "action_flag": 3, "change_message": ""}}, {"model": "admin.logentry", "pk": 97, "fields": {"action_time": "2021-08-02T11:03:17.507Z", "user": 1, "content_type": 9, "object_id": "48", "object_repr": "Заказ №48. Покупатель: admin (id:1)", "action_flag": 3, "change_message": ""}}, {"model": "admin.logentry", "pk": 98, "fields": {"action_time": "2021-08-02T11:03:17.526Z", "user": 1, "content_type": 9, "object_id": "47", "object_repr": "Заказ №47. Покупатель: admin (id:1)", "action_flag": 3, "change_message": ""}}, {"model": "admin.logentry", "pk": 99, "fields": {"action_time": "2021-08-02T11:03:17.545Z", "user": 1, "content_type": 9, "object_id": "46", "object_repr": "Заказ №46. Покупатель: Vasya (id:2)", "action_flag": 3, "change_message": ""}}, {"model": "admin.logentry", "pk": 100, "fields": {"action_time": "2021-08-02T11:03:17.564Z", "user": 1, "content_type": 9, "object_id": "44", "object_repr": "Заказ №44. Покупатель: admin (id:1)", "action_flag": 3, "change_message": ""}}, {"model": "admin.logentry", "pk": 101, "fields": {"action_time": "2021-08-02T11:03:17.582Z", "user": 1, "content_type": 9, "object_id": "43", "object_repr": "Заказ №43. Покупатель: admin (id:1)", "action_flag": 3, "change_message": ""}}, {"model": "admin.logentry", "pk": 102, "fields": {"action_time": "2021-08-02T11:03:17.601Z", "user": 1, "content_type": 9, "object_id": "41", "object_repr": "Заказ №41. Покупатель: admin (id:1)", "action_flag": 3, "change_message": ""}}, {"model": "admin.logentry", "pk": 103, "fields": {"action_time": "2021-08-02T11:03:17.620Z", "user": 1, "content_type": 9, "object_id": "40", "object_repr": "Заказ №40. Покупатель: admin (id:1)", "action_flag": 3, "change_message": ""}}, {"model": "admin.logentry", "pk": 104, "fields": {"action_time": "2021-08-02T11:03:17.638Z", "user": 1, "content_type": 9, "object_id": "39", "object_repr": "Заказ №39. Покупатель: admin (id:1)", "action_flag": 3, "change_message": ""}}, {"model": "admin.logentry", "pk": 105, "fields": {"action_time": "2021-08-02T11:03:17.657Z", "user": 1, "content_type": 9, "object_id": "38", "object_repr": "Заказ №38. Покупатель: admin (id:1)", "action_flag": 3, "change_message": ""}}, {"model": "admin.logentry", "pk": 106, "fields": {"action_time": "2021-08-02T11:03:17.676Z", "user": 1, "content_type": 9, "object_id": "37", "object_repr": "Заказ №37. Покупатель: admin (id:1)", "action_flag": 3, "change_message": ""}}, {"model": "admin.logentry", "pk": 107, "fields": {"action_time": "2021-08-02T11:03:17.695Z", "user": 1, "content_type": 9, "object_id": "35", "object_repr": "Заказ №35. Покупатель: Vasya (id:2)", "action_flag": 3, "change_message": ""}}, {"model": "admin.logentry", "pk": 108, "fields": {"action_time": "2021-08-02T11:03:17.714Z", "user": 1, "content_type": 9, "object_id": "34", "object_repr": "Заказ №34. Покупатель: Vasya (id:2)", "action_flag": 3, "change_message": ""}}, {"model": "admin.logentry", "pk": 109, "fields": {"action_time": "2021-08-02T11:03:17.734Z", "user": 1, "content_type": 9, "object_id": "33", "object_repr": "Заказ №33. Покупатель: Vasya (id:2)", "action_flag": 3, "change_message": ""}}, {"model": "admin.logentry", "pk": 110, "fields": {"action_time": "2021-08-02T11:03:17.753Z", "user": 1, "content_type": 9, "object_id": "32", "object_repr": "Заказ №32. Покупатель: Vasya (id:2)", "action_flag": 3, "change_message": ""}}, {"model": "admin.logentry", "pk": 111, "fields": {"action_time": "2021-08-02T11:03:17.772Z", "user": 1, "content_type": 9, "object_id": "31", "object_repr": "Заказ №31. Покупатель: Vasya (id:2)", "action_flag": 3, "change_message": ""}}, {"model": "admin.logentry", "pk": 112, "fields": {"action_time": "2021-08-02T11:03:17.791Z", "user": 1, "content_type": 9, "object_id": "30", "object_repr": "Заказ №30. Покупатель: Vasya (id:2)", "action_flag": 3, "change_message": ""}}, {"model": "admin.logentry", "pk": 113, "fields": {"action_time": "2021-08-02T11:03:17.809Z", "user": 1, "content_type": 9, "object_id": "28", "object_repr": "Заказ №28. Покупатель: admin (id:1)", "action_flag": 3, "change_message": ""}}, {"model": "admin.logentry", "pk": 114, "fields": {"action_time": "2021-08-02T11:03:17.827Z", "user": 1, "content_type": 9, "object_id": "27", "object_repr": "Заказ №27. Покупатель: admin (id:1)", "action_flag": 3, "change_message": ""}}, {"model": "admin.logentry", "pk": 115, "fields": {"action_time": "2021-08-02T11:03:17.853Z", "user": 1, "content_type": 9, "object_id": "26", "object_repr": "Заказ №26. Покупатель: admin (id:1)", "action_flag": 3, "change_message": ""}}, {"model": "admin.logentry", "pk": 116, "fields": {"action_time": "2021-08-02T11:03:17.873Z", "user": 1, "content_type": 9, "object_id": "25", "object_repr": "Заказ №25. Покупатель: admin (id:1)", "action_flag": 3, "change_message": ""}}, {"model": "admin.logentry", "pk": 117, "fields": {"action_time": "2021-08-02T11:03:17.891Z", "user": 1, "content_type": 9, "object_id": "24", "object_repr": "Заказ №24. Покупатель: admin (id:1)", "action_flag": 3, "change_message": ""}}, {"model": "admin.logentry", "pk": 118, "fields": {"action_time": "2021-08-02T11:03:17.912Z", "user": 1, "content_type": 9, "object_id": "23", "object_repr": "Заказ №23. Покупатель: admin (id:1)", "action_flag": 3, "change_message": ""}}, {"model": "admin.logentry", "pk": 119, "fields": {"action_time": "2021-08-02T11:03:17.932Z", "user": 1, "content_type": 9, "object_id": "22", "object_repr": "Заказ №22. Покупатель: admin (id:1)", "action_flag": 3, "change_message": ""}}, {"model": "admin.logentry", "pk": 120, "fields": {"action_time": "2021-08-02T11:03:17.951Z", "user": 1, "content_type": 9, "object_id": "21", "object_repr": "Заказ №21. Покупатель: admin (id:1)", "action_flag": 3, "change_message": ""}}, {"model": "admin.logentry", "pk": 121, "fields": {"action_time": "2021-08-02T11:03:43.916Z", "user": 1, "content_type": 9, "object_id": "123", "object_repr": "Заказ №123. Покупатель: Vasya (id:2)", "action_flag": 3, "change_message": ""}}, {"model": "admin.logentry", "pk": 122, "fields": {"action_time": "2021-08-02T11:03:43.937Z", "user": 1, "content_type": 9, "object_id": "20", "object_repr": "Заказ №20. Покупатель: admin (id:1)", "action_flag": 3, "change_message": ""}}, {"model": "admin.logentry", "pk": 123, "fields": {"action_time": "2021-08-02T11:03:43.957Z", "user": 1, "content_type": 9, "object_id": "19", "object_repr": "Заказ №19. Покупатель: Vasya (id:2)", "action_flag": 3, "change_message": ""}}, {"model": "admin.logentry", "pk": 124, "fields": {"action_time": "2021-08-02T11:03:43.977Z", "user": 1, "content_type": 9, "object_id": "18", "object_repr": "Заказ №18. Покупатель: Vasya (id:2)", "action_flag": 3, "change_message": ""}}, {"model": "admin.logentry", "pk": 125, "fields": {"action_time": "2021-08-02T11:03:43.997Z", "user": 1, "content_type": 9, "object_id": "17", "object_repr": "Заказ №17. Покупатель: admin (id:1)", "action_flag": 3, "change_message": ""}}, {"model": "admin.logentry", "pk": 126, "fields": {"action_time": "2021-08-02T11:03:44.017Z", "user": 1, "content_type": 9, "object_id": "14", "object_repr": "Заказ №14. Покупатель: admin (id:1)", "action_flag": 3, "change_message": ""}}, {"model": "admin.logentry", "pk": 127, "fields": {"action_time": "2021-08-02T11:03:44.037Z", "user": 1, "content_type": 9, "object_id": "12", "object_repr": "Заказ №12. Покупатель: admin (id:1)", "action_flag": 3, "change_message": ""}}, {"model": "admin.logentry", "pk": 128, "fields": {"action_time": "2021-08-02T11:03:44.057Z", "user": 1, "content_type": 9, "object_id": "11", "object_repr": "Заказ №11. Покупатель: admin (id:1)", "action_flag": 3, "change_message": ""}}, {"model": "admin.logentry", "pk": 129, "fields": {"action_time": "2021-08-02T11:03:44.077Z", "user": 1, "content_type": 9, "object_id": "10", "object_repr": "Заказ №10. Покупатель: admin (id:1)", "action_flag": 3, "change_message": ""}}, {"model": "admin.logentry", "pk": 130, "fields": {"action_time": "2021-08-02T11:03:44.097Z", "user": 1, "content_type": 9, "object_id": "9", "object_repr": "Заказ №9. Покупатель: admin (id:1)", "action_flag": 3, "change_message": ""}}, {"model": "admin.logentry", "pk": 131, "fields": {"action_time": "2021-08-02T11:03:44.122Z", "user": 1, "content_type": 9, "object_id": "7", "object_repr": "Заказ №7. Покупатель: Vasya (id:2)", "action_flag": 3, "change_message": ""}}, {"model": "admin.logentry", "pk": 132, "fields": {"action_time": "2021-08-02T11:03:44.143Z", "user": 1, "content_type": 9, "object_id": "5", "object_repr": "Заказ №5. Покупатель: admin (id:1)", "action_flag": 3, "change_message": ""}}, {"model": "admin.logentry", "pk": 133, "fields": {"action_time": "2021-08-02T11:03:44.163Z", "user": 1, "content_type": 9, "object_id": "4", "object_repr": "Заказ №4. Покупатель: Vasya (id:2)", "action_flag": 3, "change_message": ""}}, {"model": "admin.logentry", "pk": 134, "fields": {"action_time": "2021-08-02T11:03:44.183Z", "user": 1, "content_type": 9, "object_id": "3", "object_repr": "Заказ №3. Покупатель: admin (id:1)", "action_flag": 3, "change_message": ""}}, {"model": "admin.logentry", "pk": 135, "fields": {"action_time": "2021-08-02T11:03:44.205Z", "user": 1, "content_type": 9, "object_id": "2", "object_repr": "Заказ №2. Покупатель: admin (id:1)", "action_flag": 3, "change_message": ""}}, {"model": "admin.logentry", "pk": 136, "fields": {"action_time": "2021-08-02T11:03:44.260Z", "user": 1, "content_type": 9, "object_id": "1", "object_repr": "Заказ №1. Покупатель: Vasya (id:2)", "action_flag": 3, "change_message": ""}}, {"model": "admin.logentry", "pk": 137, "fields": {"action_time": "2021-08-02T12:15:26.256Z", "user": 1, "content_type": 9, "object_id": "134", "object_repr": "Заказ №134. Покупатель: Vasya (id:2)", "action_flag": 3, "change_message": ""}}, {"model": "admin.logentry", "pk": 138, "fields": {"action_time": "2021-08-02T12:15:26.331Z", "user": 1, "content_type": 9, "object_id": "133", "object_repr": "Заказ №133. Покупатель: Vasya (id:2)", "action_flag": 3, "change_message": ""}}, {"model": "admin.logentry", "pk": 139, "fields": {"action_time": "2021-08-02T12:15:26.393Z", "user": 1, "content_type": 9, "object_id": "132", "object_repr": "Заказ №132. Покупатель: Vasya (id:2)", "action_flag": 3, "change_message": ""}}, {"model": "admin.logentry", "pk": 140, "fields": {"action_time": "2021-08-02T12:15:26.411Z", "user": 1, "content_type": 9, "object_id": "131", "object_repr": "Заказ №131. Покупатель: admin (id:1)", "action_flag": 3, "change_message": ""}}, {"model": "admin.logentry", "pk": 141, "fields": {"action_time": "2021-08-02T12:15:26.434Z", "user": 1, "content_type": 9, "object_id": "130", "object_repr": "Заказ №130. Покупатель: Vasya (id:2)", "action_flag": 3, "change_message": ""}}, {"model": "admin.logentry", "pk": 142, "fields": {"action_time": "2021-08-02T12:15:26.453Z", "user": 1, "content_type": 9, "object_id": "129", "object_repr": "Заказ №129. Покупатель: admin (id:1)", "action_flag": 3, "change_message": ""}}, {"model": "admin.logentry", "pk": 143, "fields": {"action_time": "2021-08-02T12:15:26.471Z", "user": 1, "content_type": 9, "object_id": "128", "object_repr": "Заказ №128. Покупатель: admin (id:1)", "action_flag": 3, "change_message": ""}}, {"model": "admin.logentry", "pk": 144, "fields": {"action_time": "2021-08-02T12:15:26.489Z", "user": 1, "content_type": 9, "object_id": "127", "object_repr": "Заказ №127. Покупатель: admin (id:1)", "action_flag": 3, "change_message": ""}}, {"model": "admin.logentry", "pk": 145, "fields": {"action_time": "2021-08-02T12:15:26.507Z", "user": 1, "content_type": 9, "object_id": "126", "object_repr": "Заказ №126. Покупатель: admin (id:1)", "action_flag": 3, "change_message": ""}}, {"model": "admin.logentry", "pk": 146, "fields": {"action_time": "2021-08-02T12:15:26.525Z", "user": 1, "content_type": 9, "object_id": "125", "object_repr": "Заказ №125. Покупатель: Vasya (id:2)", "action_flag": 3, "change_message": ""}}, {"model": "admin.logentry", "pk": 147, "fields": {"action_time": "2021-08-02T12:15:26.543Z", "user": 1, "content_type": 9, "object_id": "124", "object_repr": "Заказ №124. Покупатель: Vasya (id:2)", "action_flag": 3, "change_message": ""}}, {"model": "admin.logentry", "pk": 148, "fields": {"action_time": "2021-08-03T15:13:23.288Z", "user": 1, "content_type": 9, "object_id": "158", "object_repr": "Заказ №158. Покупатель: Vasya (id:2)", "action_flag": 2, "change_message": "[{\"changed\": {\"fields\": [\"Status\"]}}]"}}, {"model": "admin.logentry", "pk": 149, "fields": {"action_time": "2021-08-12T08:03:45.230Z", "user": 1, "content_type": 9, "object_id": "172", "object_repr": "Заказ №172. Покупатель: Vasya (id:2)", "action_flag": 1, "change_message": "[{\"added\": {}}, {\"added\": {\"name\": \"order positions\", \"object\": \"\\u0417\\u0430\\u043a\\u0430\\u0437 \\u2116172. \\u041f\\u043e\\u043a\\u0443\\u043f\\u0430\\u0442\\u0435\\u043b\\u044c: Vasya (id:2)\"}}, {\"added\": {\"name\": \"order positions\", \"object\": \"\\u0417\\u0430\\u043a\\u0430\\u0437 \\u2116172. \\u041f\\u043e\\u043a\\u0443\\u043f\\u0430\\u0442\\u0435\\u043b\\u044c: Vasya (id:2)\"}}, {\"added\": {\"name\": \"order positions\", \"object\": \"\\u0417\\u0430\\u043a\\u0430\\u0437 \\u2116172. \\u041f\\u043e\\u043a\\u0443\\u043f\\u0430\\u0442\\u0435\\u043b\\u044c: Vasya (id:2)\"}}]"}}, {"model": "auth.permission", "pk": 1, "fields": {"name": "Can add log entry", "content_type": 1, "codename": "add_logentry"}}, {"model": "auth.permission", "pk": 2, "fields": {"name": "Can change log entry", "content_type": 1, "codename": "change_logentry"}}, {"model": "auth.permission", "pk": 3, "fields": {"name": "Can delete log entry", "content_type": 1, "codename": "delete_logentry"}}, {"model": "auth.permission", "pk": 4, "fields": {"name": "Can view log entry", "content_type": 1, "codename": "view_logentry"}}, {"model": "auth.permission", "pk": 5, "fields": {"name": "Can add permission", "content_type": 2, "codename": "add_permission"}}, {"model": "auth.permission", "pk": 6, "fields": {"name": "Can change permission", "content_type": 2, "codename": "change_permission"}}, {"model": "auth.permission", "pk": 7, "fields": {"name": "Can delete permission", "content_type": 2, "codename": "delete_permission"}}, {"model": "auth.permission", "pk": 8, "fields": {"name": "Can view permission", "content_type": 2, "codename": "view_permission"}}, {"model": "auth.permission", "pk": 9, "fields": {"name": "Can add group", "content_type": 3, "codename": "add_group"}}, {"model": "auth.permission", "pk": 10, "fields": {"name": "Can change group", "content_type": 3, "codename": "change_group"}}, {"model": "auth.permission", "pk": 11, "fields": {"name": "Can delete group", "content_type": 3, "codename": "delete_group"}}, {"model": "auth.permission", "pk": 12, "fields": {"name": "Can view group", "content_type": 3, "codename": "view_group"}}, {"model": "auth.permission", "pk": 13, "fields": {"name": "Can add user", "content_type": 4, "codename": "add_user"}}, {"model": "auth.permission", "pk": 14, "fields": {"name": "Can change user", "content_type": 4, "codename": "change_user"}}, {"model": "auth.permission", "pk": 15, "fields": {"name": "Can delete user", "content_type": 4, "codename": "delete_user"}}, {"model": "auth.permission", "pk": 16, "fields": {"name": "Can view user", "content_type": 4, "codename": "view_user"}}, {"model": "auth.permission", "pk": 17, "fields": {"name": "Can add content type", "content_type": 5, "codename": "add_contenttype"}}, {"model": "auth.permission", "pk": 18, "fields": {"name": "Can change content type", "content_type": 5, "codename": "change_contenttype"}}, {"model": "auth.permission", "pk": 19, "fields": {"name": "Can delete content type", "content_type": 5, "codename": "delete_contenttype"}}, {"model": "auth.permission", "pk": 20, "fields": {"name": "Can view content type", "content_type": 5, "codename": "view_contenttype"}}, {"model": "auth.permission", "pk": 21, "fields": {"name": "Can add session", "content_type": 6, "codename": "add_session"}}, {"model": "auth.permission", "pk": 22, "fields": {"name": "Can change session", "content_type": 6, "codename": "change_session"}}, {"model": "auth.permission", "pk": 23, "fields": {"name": "Can delete session", "content_type": 6, "codename": "delete_session"}}, {"model": "auth.permission", "pk": 24, "fields": {"name": "Can view session", "content_type": 6, "codename": "view_session"}}, {"model": "auth.permission", "pk": 25, "fields": {"name": "Can add Token", "content_type": 7, "codename": "add_token"}}, {"model": "auth.permission", "pk": 26, "fields": {"name": "Can change Token", "content_type": 7, "codename": "change_token"}}, {"model": "auth.permission", "pk": 27, "fields": {"name": "Can delete Token", "content_type": 7, "codename": "delete_token"}}, {"model": "auth.permission", "pk": 28, "fields": {"name": "Can view Token", "content_type": 7, "codename": "view_token"}}, {"model": "auth.permission", "pk": 29, "fields": {"name": "Can add token", "content_type": 8, "codename": "add_tokenproxy"}}, {"model": "auth.permission", "pk": 30, "fields": {"name": "Can change token", "content_type": 8, "codename": "change_tokenproxy"}}, {"model": "auth.permission", "pk": 31, "fields": {"name": "Can delete token", "content_type": 8, "codename": "delete_tokenproxy"}}, {"model": "auth.permission", "pk": 32, "fields": {"name": "Can view token", "content_type": 8, "codename": "view_tokenproxy"}}, {"model": "auth.permission", "pk": 33, "fields": {"name": "Can add Заказ", "content_type": 9, "codename": "add_order"}}, {"model": "auth.permission", "pk": 34, "fields": {"name": "Can change Заказ", "content_type": 9, "codename": "change_order"}}, {"model": "auth.permission", "pk": 35, "fields": {"name": "Can delete Заказ", "content_type": 9, "codename": "delete_order"}}, {"model": "auth.permission", "pk": 36, "fields": {"name": "Can view Заказ", "content_type": 9, "codename": "view_order"}}, {"model": "auth.permission", "pk": 37, "fields": {"name": "Can add Продукт", "content_type": 10, "codename": "add_product"}}, {"model": "auth.permission", "pk": 38, "fields": {"name": "Can change Продукт", "content_type": 10, "codename": "change_product"}}, {"model": "auth.permission", "pk": 39, "fields": {"name": "Can delete Продукт", "content_type": 10, "codename": "delete_product"}}, {"model": "auth.permission", "pk": 40, "fields": {"name": "Can view Продукт", "content_type": 10, "codename": "view_product"}}, {"model": "auth.permission", "pk": 41, "fields": {"name": "Can add Отзыв", "content_type": 11, "codename": "add_productreview"}}, {"model": "auth.permission", "pk": 42, "fields": {"name": "Can change Отзыв", "content_type": 11, "codename": "change_productreview"}}, {"model": "auth.permission", "pk": 43, "fields": {"name": "Can delete Отзыв", "content_type": 11, "codename": "delete_productreview"}}, {"model": "auth.permission", "pk": 44, "fields": {"name": "Can view Отзыв", "content_type": 11, "codename": "view_productreview"}}, {"model": "auth.permission", "pk": 45, "fields": {"name": "Can add product in order", "content_type": 12, "codename": "add_productinorder"}}, {"model": "auth.permission", "pk": 46, "fields": {"name": "Can change product in order", "content_type": 12, "codename": "change_productinorder"}}, {"model": "auth.permission", "pk": 47, "fields": {"name": "Can delete product in order", "content_type": 12, "codename": "delete_productinorder"}}, {"model": "auth.permission", "pk": 48, "fields": {"name": "Can view product in order", "content_type": 12, "codename": "view_productinorder"}}, {"model": "auth.permission", "pk": 49, "fields": {"name": "Can add Подборка", "content_type": 13, "codename": "add_productcollections"}}, {"model": "auth.permission", "pk": 50, "fields": {"name": "Can change Подборка", "content_type": 13, "codename": "change_productcollections"}}, {"model": "auth.permission", "pk": 51, "fields": {"name": "Can delete Подборка", "content_type": 13, "codename": "delete_productcollections"}}, {"model": "auth.permission", "pk": 52, "fields": {"name": "Can view Подборка", "content_type": 13, "codename": "view_productcollections"}}, {"model": "auth.permission", "pk": 53, "fields": {"name": "Can add order positions", "content_type": 14, "codename": "add_orderpositions"}}, {"model": "auth.permission", "pk": 54, "fields": {"name": "Can change order positions", "content_type": 14, "codename": "change_orderpositions"}}, {"model": "auth.permission", "pk": 55, "fields": {"name": "Can delete order positions", "content_type": 14, "codename": "delete_orderpositions"}}, {"model": "auth.permission", "pk": 56, "fields": {"name": "Can view order positions", "content_type": 14, "codename": "view_orderpositions"}}, {"model": "auth.user", "pk": 1, "fields": {"password": "pbkdf2_sha256$260000$xvV0IlqNZPiDR9QwmqwRif$1XKnlolGVJHImpRPUBCJJqoBgkLbv+bJu+pfYuf+q+0=", "last_login": "2021-08-11T18:10:02.210Z", "is_superuser": true, "username": "admin", "first_name": "", "last_name": "", "email": "admin@admin.ru", "is_staff": true, "is_active": true, "date_joined": "2021-07-27T19:20:29.232Z", "groups": [], "user_permissions": []}}, {"model": "auth.user", "pk": 2, "fields": {"password": "pbkdf2_sha256$260000$yurywd8QCZs2bIHWB3pHwD$7D1WF9j4a+bUulolZah0U7s6mwe8yN1sPwTYrzLqTTQ=", "last_login": null, "is_superuser": false, "username": "Vasya", "first_name": "", "last_name": "", "email": "", "is_staff": false, "is_active": true, "date_joined": "2021-07-28T04:01:17Z", "groups": [], "user_permissions": []}}, {"model": "contenttypes.contenttype", "pk": 1, "fields": {"app_label": "admin", "model": "logentry"}}, {"model": "contenttypes.contenttype", "pk": 2, "fields": {"app_label": "auth", "model": "permission"}}, {"model": "contenttypes.contenttype", "pk": 3, "fields": {"app_label": "auth", "model": "group"}}, {"model": "contenttypes.contenttype", "pk": 4, "fields": {"app_label": "auth", "model": "user"}}, {"model": "contenttypes.contenttype", "pk": 5, "fields": {"app_label": "contenttypes", "model": "contenttype"}}, {"model": "contenttypes.contenttype", "pk": 6, "fields": {"app_label": "sessions", "model": "session"}}, {"model": "contenttypes.contenttype", "pk": 7, "fields": {"app_label": "authtoken", "model": "token"}}, {"model": "contenttypes.contenttype", "pk": 8, "fields": {"app_label": "authtoken", "model": "tokenproxy"}}, {"model": "contenttypes.contenttype", "pk": 9, "fields": {"app_label": "app", "model": "order"}}, {"model": "contenttypes.contenttype", "pk": 10, "fields": {"app_label": "app", "model": "product"}}, {"model": "contenttypes.contenttype", "pk": 11, "fields": {"app_label": "app", "model": "productreview"}}, {"model": "contenttypes.contenttype", "pk": 12, "fields": {"app_label": "app", "model": "productinorder"}}, {"model": "contenttypes.contenttype", "pk": 13, "fields": {"app_label": "app", "model": "productcollections"}}, {"model": "contenttypes.contenttype", "pk": 14, "fields": {"app_label": "app", "model": "orderpositions"}}, {"model": "sessions.session", "pk": "3pch70yanhb3qvjqbdiitxftddwjyz0o", "fields": {"session_data": ".eJxVjMEOwiAQRP-FsyEgbCkevfsNZJcFqRpISnsy_rtt0oMe5jLvzbxFwHUpYe1pDhOLi9Di9NsRxmeqO-AH1nuTsdVlnkjuijxol7fG6XU93L-Dgr1sa08UIxtwZO2YHbKGs8uDoYRbjAbyWTHkgSwkF1EhGwc--Uw0GqPE5wsKCDjE:1m8Se2:_BWVIIvtKCNe3d0WFFvUjmRVWRF04jMo9xQErF6ygjw", "expire_date": "2021-08-10T19:21:38.243Z"}}, {"model": "sessions.session", "pk": "gd2fya3murtrh9xla31y0cd1y4448gbx", "fields": {"session_data": ".eJxVjMEOwiAQRP-FsyEgbCkevfsNZJcFqRpISnsy_rtt0oMe5jLvzbxFwHUpYe1pDhOLi9Di9NsRxmeqO-AH1nuTsdVlnkjuijxol7fG6XU93L-Dgr1sa08UIxtwZO2YHbKGs8uDoYRbjAbyWTHkgSwkF1EhGwc--Uw0GqPE5wsKCDjE:1mDsfy:_wpNmHMnkHv7jF7YQ_50kxwAUlVidAtMahIyn2vmd2Y", "expire_date": "2021-08-25T18:10:02.322Z"}}, {"model": "sessions.session", "pk": "mwfdp2g2d71u975sxjan06946wbruzfy", "fields": {"session_data": ".eJxVjMEOwiAQRP-FsyEgbCkevfsNZJcFqRpISnsy_rtt0oMe5jLvzbxFwHUpYe1pDhOLi9Di9NsRxmeqO-AH1nuTsdVlnkjuijxol7fG6XU93L-Dgr1sa08UIxtwZO2YHbKGs8uDoYRbjAbyWTHkgSwkF1EhGwc--Uw0GqPE5wsKCDjE:1m8Tbm:5ccdzSTLOtbEiIszx8ipL9Pt7Nmg-tnMmWbxdERQj6o", "expire_date": "2021-08-10T20:23:22.605Z"}}, {"model": "authtoken.token", "pk": "1b3c83cf642437e9c3c91ce5289edeeeb35f1d5f", "fields": {"user": 1, "created": "2021-07-28T06:02:26.923Z"}}, {"model": "authtoken.token", "pk": "553f9f14bb506f6911917c5cf42ea282ed23fe24", "fields": {"user": 2, "created": "2021-07-28T18:48:39.723Z"}}, {"model": "app.product", "pk": 1, "fields": {"name": "Sour cream", "description": "Show follow join hundred else her. Never appear science skill. Animal smile by bad if employee.", "price": "50.00", "created_at": "2021-07-28T03:56:30.594Z", "updated_at": "2021-08-11T18:25:19.150Z"}}, {"model": "app.product", "pk": 3, "fields": {"name": "Sausage", "description": "Nihil accusamus vitae optio ad. Cum consequatur velit sapiente unde molestias quia.\nLibero molestiae voluptate.", "price": "500.00", "created_at": "2021-07-28T03:57:48.941Z", "updated_at": "2021-07-28T03:57:48.941Z"}}, {"model": "app.product", "pk": 4, "fields": {"name": "Semolina", "description": "Ducimus iure corporis facilis facilis excepturi iure recusandae. Neque rem temporibus ad officiis libero.", "price": "70.00", "created_at": "2021-07-28T18:46:41.421Z", "updated_at": "2021-07-28T18:46:41.421Z"}}, {"model": "app.product", "pk": 5, "fields": {"name": "Honey", "description": "Ullam optio aspernatur delectus aliquid. Impedit nobis error atque quae.", "price": "144.00", "created_at": "2021-07-31T06:08:12.654Z", "updated_at": "2021-07-31T06:08:12.654Z"}}, {"model": "app.product", "pk": 6, "fields": {"name": "Sugar", "description": "Maiores sequi expedita quas accusantium rem. Dicta omnis suscipit tenetur maiores voluptatem.", "price": "133.00", "created_at": "2021-08-01T07:26:40.795Z", "updated_at": "2021-08-01T07:26:40.795Z"}}, {"model": "app.product", "pk": 8, "fields": {"name": "Bread", "description": "Foreign building big within performance resource. Cost life son big gun.", "price": "4323.00", "created_at": "2021-08-01T09:20:35.002Z", "updated_at": "2021-08-01T09:20:35.002Z"}}, {"model": "app.product", "pk": 9, "fields": {"name": "Potato", "description": "Professor director blue music. Blue fast ability practice.", "price": "21.00", "created_at": "2021-08-01T09:43:40.679Z", "updated_at": "2021-08-01T09:43:40.679Z"}}, {"model": "app.product", "pk": 10, "fields": {"name": "Tomato", "description": "Architecto commodi corporis dolorum deserunt officiis. Provident aliquid quidem.", "price": "21.00", "created_at": "2021-08-01T09:52:01.549Z", "updated_at": "2021-08-01T09:52:01.549Z"}}, {"model": "app.product", "pk": 13, "fields": {"name": "Seledka", "description": "Aperiam nam suscipit architecto sit eaque voluptatem. Quae ea exercitationem accusantium.", "price": "2211.00", "created_at": "2021-08-11T19:08:46.624Z", "updated_at": "2021-08-11T19:08:46.624Z"}}, {"model": "app.order", "pk": 136, "fields": {"user": 1, "status": "NEW", "total_sum": "188855.00", "created_at": "2021-08-02T12:16:16.274Z", "updated_at": "2021-08-02T18:55:49.687Z"}}, {"model": "app.order", "pk": 137, "fields": {"user": 2, "status": "NEW", "total_sum": "6150.00", "created_at": "2021-08-02T12:16:29.182Z", "updated_at": "2021-08-03T06:28:51.999Z"}}, {"model": "app.order", "pk": 144, "fields": {"user": 1, "status": "NEW", "total_sum": "4923.00", "created_at": "2021-08-02T13:04:07.386Z", "updated_at": "2021-08-02T18:55:03.292Z"}}, {"model": "app.order", "pk": 146, "fields": {"user": 2, "status": "NEW", "total_sum": "182855.00", "created_at": "2021-08-02T13:36:13.817Z", "updated_at": "2021-08-02T19:13:20.876Z"}}, {"model": "app.order", "pk": 148, "fields": {"user": 1, "status": "NEW", "total_sum": "600.00", "created_at": "2021-08-02T13:44:07.981Z", "updated_at": "2021-08-02T21:28:17.754Z"}}, {"model": "app.order", "pk": 149, "fields": {"user": 1, "status": "NEW", "total_sum": "4607.00", "created_at": "2021-08-02T13:44:34.483Z", "updated_at": "2021-08-02T21:41:28.167Z"}}, {"model": "app.order", "pk": 150, "fields": {"user": 2, "status": "NEW", "total_sum": "61600.00", "created_at": "2021-08-02T13:45:11.243Z", "updated_at": "2021-08-02T21:29:33.946Z"}}, {"model": "app.order", "pk": 154, "fields": {"user": 1, "status": "NEW", "total_sum": "4122315.00", "created_at": "2021-08-03T05:42:16.883Z", "updated_at": "2021-08-03T05:42:16.883Z"}}, {"model": "app.order", "pk": 155, "fields": {"user": 1, "status": "NEW", "total_sum": "4122315.00", "created_at": "2021-08-03T06:26:57.206Z", "updated_at": "2021-08-03T06:26:57.206Z"}}, {"model": "app.order", "pk": 156, "fields": {"user": 2, "status": "NEW", "total_sum": "4122315.00", "created_at": "2021-08-03T06:27:11.296Z", "updated_at": "2021-08-03T06:27:11.296Z"}}, {"model": "app.order", "pk": 157, "fields": {"user": 2, "status": "NEW", "total_sum": "4122315.00", "created_at": "2021-08-03T14:12:48.722Z", "updated_at": "2021-08-03T14:12:48.722Z"}}, {"model": "app.order", "pk": 158, "fields": {"user": 2, "status": "IN_PROGRESS", "total_sum": "7315.00", "created_at": "2021-08-03T14:58:53.591Z", "updated_at": "2021-08-03T15:13:23.266Z"}}, {"model": "app.order", "pk": 159, "fields": {"user": 2, "status": "NEW", "total_sum": "177552.00", "created_at": "2021-08-03T15:15:17.054Z", "updated_at": "2021-08-03T15:15:17.054Z"}}, {"model": "app.order", "pk": 160, "fields": {"user": 2, "status": "DONE", "total_sum": "177552.00", "created_at": "2021-08-03T15:16:28.594Z", "updated_at": "2021-08-03T15:16:28.594Z"}}, {"model": "app.order", "pk": 161, "fields": {"user": 2, "status": "NEW", "total_sum": "177552.00", "created_at": "2021-08-03T15:31:42.445Z", "updated_at": "2021-08-03T15:31:42.445Z"}}, {"model": "app.order", "pk": 162, "fields": {"user": 2, "status": "NEW", "total_sum": "61650.00", "created_at": "2021-08-03T15:32:14.906Z", "updated_at": "2021-08-03T15:32:14.906Z"}}, {"model": "app.order", "pk": 163, "fields": {"user": 1, "status": "DONE", "total_sum": "100.00", "created_at": "2021-08-03T15:33:08.195Z", "updated_at": "2021-08-12T06:45:04.841Z"}}, {"model": "app.order", "pk": 164, "fields": {"user": 2, "status": "DONE", "total_sum": "1100.00", "created_at": "2021-08-11T18:18:54.408Z", "updated_at": "2021-08-14T04:57:26.686Z"}}, {"model": "app.order", "pk": 165, "fields": {"user": 2, "status": "NEW", "total_sum": "582.00", "created_at": "2021-08-11T18:20:33.521Z", "updated_at": "2021-08-11T18:20:33.521Z"}}, {"model": "app.order", "pk": 167, "fields": {"user": 2, "status": "NEW", "total_sum": "8779.00", "created_at": "2021-08-11T19:31:00.081Z", "updated_at": "2021-08-11T19:31:00.081Z"}}, {"model": "app.order", "pk": 169, "fields": {"user": 2, "status": "NEW", "total_sum": "8779.00", "created_at": "2021-08-12T04:18:43.666Z", "updated_at": "2021-08-12T04:18:43.666Z"}}, {"model": "app.order", "pk": 172, "fields": {"user": 2, "status": "NEW", "total_sum": "1.00", "created_at": "2021-08-12T08:03:45.138Z", "updated_at": "2021-08-12T08:03:45.138Z"}}, {"model": "app.order", "pk": 173, "fields": {"user": 2, "status": "NEW", "total_sum": "233.00", "created_at": "2021-08-12T09:08:32.596Z", "updated_at": "2021-08-12T09:08:32.597Z"}}, {"model": "app.order", "pk": 174, "fields": {"user": 2, "status": "DONE", "total_sum": "100.00", "created_at": "2021-08-12T09:18:37.100Z", "updated_at": "2021-08-13T17:25:45.504Z"}}, {"model": "app.order", "pk": 175, "fields": {"user": 2, "status": "NEW", "total_sum": "1233.00", "created_at": "2021-08-12T09:19:23.336Z", "updated_at": "2021-08-12T09:19:23.337Z"}}, {"model": "app.order", "pk": 176, "fields": {"user": 2, "status": "NEW", "total_sum": "650.00", "created_at": "2021-08-13T06:03:06.382Z", "updated_at": "2021-08-13T06:11:22.443Z"}}, {"model": "app.order", "pk": 177, "fields": {"user": 2, "status": "NEW", "total_sum": "650.00", "created_at": "2021-08-13T06:07:01.360Z", "updated_at": "2021-08-13T06:11:02.981Z"}}, {"model": "app.order", "pk": 180, "fields": {"user": 2, "status": "IN_PROGRESS", "total_sum": "284.00", "created_at": "2021-08-13T06:24:19.418Z", "updated_at": "2021-08-14T04:58:43.554Z"}}, {"model": "app.order", "pk": 182, "fields": {"user": 2, "status": "DONE", "total_sum": "100.00", "created_at": "2021-08-13T17:23:21.369Z", "updated_at": "2021-08-13T17:25:00.636Z"}}, {"model": "app.order", "pk": 183, "fields": {"user": 2, "status": "NEW", "total_sum": "233.00", "created_at": "2021-08-13T17:28:46.558Z", "updated_at": "2021-08-13T17:28:46.558Z"}}, {"model": "app.order", "pk": 184, "fields": {"user": 2, "status": "NEW", "total_sum": "233.00", "created_at": "2021-08-13T17:29:06.320Z", "updated_at": "2021-08-13T17:29:06.320Z"}}, {"model": "app.order", "pk": 185, "fields": {"user": 1, "status": "NEW", "total_sum": "233.00", "created_at": "2021-08-13T17:29:24.784Z", "updated_at": "2021-08-13T17:29:24.784Z"}}, {"model": "app.order", "pk": 186, "fields": {"user": 1, "status": "NEW", "total_sum": "233.00", "created_at": "2021-08-13T20:56:50.611Z", "updated_at": "2021-08-13T20:56:50.611Z"}}, {"model": "app.order", "pk": 187, "fields": {"user": 1, "status": "NEW", "total_sum": "233.00", "created_at": "2021-08-13T20:57:01.428Z", "updated_at": "2021-08-13T20:57:01.428Z"}}, {"model": "app.order", "pk": 188, "fields": {"user": 1, "status": "NEW", "total_sum": "233.00", "created_at": "2021-08-14T04:46:13.745Z", "updated_at": "2021-08-14T04:46:13.745Z"}}, {"model": "app.order", "pk": 189, "fields": {"user": 1, "status": "IN_PROGRESS", "total_sum": "1868.00", "created_at": "2021-08-14T04:59:10.784Z", "updated_at": "2021-08-14T05:01:17.310Z"}}, {"model": "app.order", "pk": 191, "fields": {"user": 2, "status": "NEW", "total_sum": "233.00", "created_at": "2021-08-14T06:00:45.272Z", "updated_at": "2021-08-14T06:00:45.272Z"}}, {"model": "app.order", "pk": 192, "fields": {"user": 2, "status": "NEW", "total_sum": "233.00", "created_at": "2021-08-14T06:17:21.637Z", "updated_at": "2021-08-14T06:17:21.637Z"}}, {"model": "app.order", "pk": 193, "fields": {"user": 2, "status": "NEW", "total_sum": "233.00", "created_at": "2021-08-14T06:57:26.439Z", "updated_at": "2021-08-14T06:57:26.439Z"}}, {"model": "app.order", "pk": 194, "fields": {"user": 2, "status": "NEW", "total_sum": "233.00", "created_at": "2021-08-14T06:57:49.272Z", "updated_at": "2021-08-14T06:57:49.272Z"}}, {"model": "app.order", "pk": 195, "fields": {"user": 1, "status": "NEW", "total_sum": "233.00", "created_at": "2021-08-14T06:59:16.747Z", "updated_at": "2021-08-14T06:59:16.747Z"}}, {"model": "app.orderpositions", "pk": 207, "fields": {"order": 144, "product": 1, "quantity": 12}}, {"model": "app.orderpositions", "pk": 208, "fields": {"order": 144, "product": 8, "quantity": 1}}, {"model": "app.orderpositions", "pk": 213, "fields": {"order": 136, "product": 3, "quantity": 12}}, {"model": "app.orderpositions", "pk": 214, "fields": {"order": 136, "product": 5, "quantity": 1233}}, {"model": "app.orderpositions", "pk": 215, "fields": {"order": 136, "product": 4, "quantity": 14}}, {"model": "app.orderpositions", "pk": 216, "fields": {"order": 136, "product": 8, "quantity": 1}}, {"model": "app.orderpositions", "pk": 224, "fields": {"order": 146, "product": 5, "quantity": 1233}}, {"model": "app.orderpositions", "pk": 225, "fields": {"order": 146, "product": 4, "quantity": 14}}, {"model": "app.orderpositions", "pk": 226, "fields": {"order": 146, "product": 8, "quantity": 1}}, {"model": "app.orderpositions", "pk": 230, "fields": {"order": 148, "product": 1, "quantity": 12}}, {"model": "app.orderpositions", "pk": 231, "fields": {"order": 150, "product": 1, "quantity": 12}}, {"model": "app.orderpositions", "pk": 232, "fields": {"order": 150, "product": 3, "quantity": 122}}, {"model": "app.orderpositions", "pk": 237, "fields": {"order": 149, "product": 5, "quantity": 1233}}, {"model": "app.orderpositions", "pk": 238, "fields": {"order": 149, "product": 4, "quantity": 14}}, {"model": "app.orderpositions", "pk": 239, "fields": {"order": 149, "product": 8, "quantity": 1}}, {"model": "app.orderpositions", "pk": 240, "fields": {"order": 149, "product": 5, "quantity": 1233}}, {"model": "app.orderpositions", "pk": 241, "fields": {"order": 149, "product": 4, "quantity": 14}}, {"model": "app.orderpositions", "pk": 242, "fields": {"order": 149, "product": 8, "quantity": 1}}, {"model": "app.orderpositions", "pk": 243, "fields": {"order": 149, "product": 5, "quantity": 1}}, {"model": "app.orderpositions", "pk": 244, "fields": {"order": 149, "product": 4, "quantity": 2}}, {"model": "app.orderpositions", "pk": 245, "fields": {"order": 149, "product": 8, "quantity": 1}}, {"model": "app.orderpositions", "pk": 255, "fields": {"order": 154, "product": 3, "quantity": 14}}, {"model": "app.orderpositions", "pk": 256, "fields": {"order": 154, "product": 9, "quantity": 15}}, {"model": "app.orderpositions", "pk": 257, "fields": {"order": 154, "product": 3, "quantity": 8230}}, {"model": "app.orderpositions", "pk": 258, "fields": {"order": 155, "product": 3, "quantity": 14}}, {"model": "app.orderpositions", "pk": 259, "fields": {"order": 155, "product": 9, "quantity": 15}}, {"model": "app.orderpositions", "pk": 260, "fields": {"order": 155, "product": 3, "quantity": 8230}}, {"model": "app.orderpositions", "pk": 261, "fields": {"order": 156, "product": 3, "quantity": 14}}, {"model": "app.orderpositions", "pk": 262, "fields": {"order": 156, "product": 9, "quantity": 15}}, {"model": "app.orderpositions", "pk": 263, "fields": {"order": 156, "product": 3, "quantity": 8230}}, {"model": "app.orderpositions", "pk": 265, "fields": {"order": 137, "product": 1, "quantity": 123}}, {"model": "app.orderpositions", "pk": 269, "fields": {"order": 157, "product": 3, "quantity": 14}}, {"model": "app.orderpositions", "pk": 270, "fields": {"order": 157, "product": 9, "quantity": 15}}, {"model": "app.orderpositions", "pk": 271, "fields": {"order": 157, "product": 3, "quantity": 8230}}, {"model": "app.orderpositions", "pk": 272, "fields": {"order": 158, "product": 3, "quantity": 14}}, {"model": "app.orderpositions", "pk": 273, "fields": {"order": 158, "product": 9, "quantity": 15}}, {"model": "app.orderpositions", "pk": 274, "fields": {"order": 159, "product": 5, "quantity": 1233}}, {"model": "app.orderpositions", "pk": 275, "fields": {"order": 160, "product": 5, "quantity": 1233}}, {"model": "app.orderpositions", "pk": 276, "fields": {"order": 161, "product": 5, "quantity": 1233}}, {"model": "app.orderpositions", "pk": 277, "fields": {"order": 162, "product": 1, "quantity": 1233}}, {"model": "app.orderpositions", "pk": 280, "fields": {"order": 165, "product": 1, "quantity": 3}}, {"model": "app.orderpositions", "pk": 281, "fields": {"order": 165, "product": 5, "quantity": 3}}, {"model": "app.orderpositions", "pk": 292, "fields": {"order": 167, "product": 6, "quantity": 1}}, {"model": "app.orderpositions", "pk": 293, "fields": {"order": 167, "product": 8, "quantity": 2}}, {"model": "app.orderpositions", "pk": 297, "fields": {"order": 169, "product": 6, "quantity": 1}}, {"model": "app.orderpositions", "pk": 298, "fields": {"order": 169, "product": 8, "quantity": 2}}, {"model": "app.orderpositions", "pk": 309, "fields": {"order": 163, "product": 1, "quantity": 2}}, {"model": "app.orderpositions", "pk": 310, "fields": {"order": 172, "product": 5, "quantity": 2}}, {"model": "app.orderpositions", "pk": 311, "fields": {"order": 172, "product": 6, "quantity": 3}}, {"model": "app.orderpositions", "pk": 312, "fields": {"order": 172, "product": 10, "quantity": 5}}, {"model": "app.orderpositions", "pk": 313, "fields": {"order": 173, "product": 6, "quantity": 1}}, {"model": "app.orderpositions", "pk": 314, "fields": {"order": 173, "product": 1, "quantity": 2}}, {"model": "app.orderpositions", "pk": 317, "fields": {"order": 175, "product": 6, "quantity": 1}}, {"model": "app.orderpositions", "pk": 318, "fields": {"order": 175, "product": 1, "quantity": 22}}, {"model": "app.orderpositions", "pk": 330, "fields": {"order": 177, "product": 1, "quantity": 13}}, {"model": "app.orderpositions", "pk": 331, "fields": {"order": 176, "product": 1, "quantity": 13}}, {"model": "app.orderpositions", "pk": 338, "fields": {"order": 182, "product": 1, "quantity": 2}}, {"model": "app.orderpositions", "pk": 339, "fields": {"order": 174, "product": 1, "quantity": 2}}, {"model": "app.orderpositions", "pk": 340, "fields": {"order": 183, "product": 6, "quantity": 1}}, {"model": "app.orderpositions", "pk": 341, "fields": {"order": 183, "product": 1, "quantity": 2}}, {"model": "app.orderpositions", "pk": 342, "fields": {"order": 184, "product": 6, "quantity": 1}}, {"model": "app.orderpositions", "pk": 343, "fields": {"order": 184, "product": 1, "quantity": 2}}, {"model": "app.orderpositions", "pk": 344, "fields": {"order": 185, "product": 6, "quantity": 1}}, {"model": "app.orderpositions", "pk": 345, "fields": {"order": 185, "product": 1, "quantity": 2}}, {"model": "app.orderpositions", "pk": 346, "fields": {"order": 186, "product": 6, "quantity": 1}}, {"model": "app.orderpositions", "pk": 347, "fields": {"order": 186, "product": 1, "quantity": 2}}, {"model": "app.orderpositions", "pk": 348, "fields": {"order": 187, "product": 6, "quantity": 1}}, {"model": "app.orderpositions", "pk": 349, "fields": {"order": 187, "product": 1, "quantity": 2}}, {"model": "app.orderpositions", "pk": 350, "fields": {"order": 188, "product": 6, "quantity": 1}}, {"model": "app.orderpositions", "pk": 351, "fields": {"order": 188, "product": 1, "quantity": 2}}, {"model": "app.orderpositions", "pk": 354, "fields": {"order": 164, "product": 1, "quantity": 22}}, {"model": "app.orderpositions", "pk": 357, "fields": {"order": 180, "product": 5, "quantity": 1}}, {"model": "app.orderpositions", "pk": 358, "fields": {"order": 180, "product": 4, "quantity": 2}}, {"model": "app.orderpositions", "pk": 365, "fields": {"order": 189, "product": 5, "quantity": 12}}, {"model": "app.orderpositions", "pk": 366, "fields": {"order": 189, "product": 4, "quantity": 2}}, {"model": "app.orderpositions", "pk": 371, "fields": {"order": 191, "product": 6, "quantity": 1}}, {"model": "app.orderpositions", "pk": 372, "fields": {"order": 191, "product": 1, "quantity": 2}}, {"model": "app.orderpositions", "pk": 373, "fields": {"order": 192, "product": 6, "quantity": 1}}, {"model": "app.orderpositions", "pk": 374, "fields": {"order": 192, "product": 1, "quantity": 2}}, {"model": "app.orderpositions", "pk": 375, "fields": {"order": 193, "product": 6, "quantity": 1}}, {"model": "app.orderpositions", "pk": 376, "fields": {"order": 193, "product": 1, "quantity": 2}}, {"model": "app.orderpositions", "pk": 377, "fields": {"order": 194, "product": 6, "quantity": 1}}, {"model": "app.orderpositions", "pk": 378, "fields": {"order": 194, "product": 1, "quantity": 2}}, {"model": "app.orderpositions", "pk": 379, "fields": {"order": 195, "product": 6, "quantity": 1}}, {"model": "app.orderpositions", "pk": 380, "fields": {"order": 195, "product": 1, "quantity": 2}}, {"model": "app.productreview", "pk": 2, "fields": {"creator": 2, "product": 3, "text": "Voluptatibus eligendi quibusdam dolores quasi dolorem. Dolore nostrum iusto dolorem. Vitae esse fugit nihil fugit dolor.\n", "grade": 1, "created_at": "2021-08-01T05:46:18.194Z", "updated_at": "2021-08-01T12:25:58.142Z"}}, {"model": "app.productreview", "pk": 3, "fields": {"creator": 1, "product": 5, "text": "Explicabo hic corrupti nobis. Amet numquam voluptates facere. Asperiores officia necessitatibus error porro nobis.\n", "grade": 2, "created_at": "2021-08-01T06:37:51.594Z", "updated_at": "2021-08-01T06:37:51.594Z"}}, {"model": "app.productreview", "pk": 4, "fields": {"creator": 1, "product": 5, "text": "Repudiandae laudantium commodi cumque. Veniam eius iste aspernatur. Facilis facilis inventore vero reiciendis nemo.\n", "grade": 3, "created_at": "2021-08-01T06:38:25.363Z", "updated_at": "2021-08-01T06:38:25.363Z"}}, {"model": "app.productreview", "pk": 5, "fields": {"creator": 1, "product": 1, "text": "Ab eaque pariatur repudiandae commodi. Quae itaque architecto officia placeat. Veniam qui alias blanditiis officiis.\n", "grade": 4, "created_at": "2021-08-01T06:55:45.009Z", "updated_at": "2021-08-01T06:55:45.010Z"}}, {"model": "app.productreview", "pk": 6, "fields": {"creator": 1, "product": 4, "text": "Minima distinctio officiis fugiat. Esse ea voluptatem assumenda.\n", "grade": 5, "created_at": "2021-08-01T06:56:14.999Z", "updated_at": "2021-08-01T06:56:14.999Z"}}, {"model": "app.productreview", "pk": 8, "fields": {"creator": 2, "product": 1, "text": "Dignissimos rem quo eveniet. Autem quis similique in.\n", "grade": 1, "created_at": "2021-08-01T06:56:49.945Z", "updated_at": "2021-08-01T06:56:49.945Z"}}, {"model": "app.productreview", "pk": 10, "fields": {"creator": 2, "product": 4, "text": "Nam perspiciatis officia odit sit possimus. Aperiam esse molestiae omnis exercitationem. Odio temporibus occaecati.\n", "grade": 2, "created_at": "2021-08-01T06:57:24.226Z", "updated_at": "2021-08-01T06:57:24.226Z"}}, {"model": "app.productreview", "pk": 11, "fields": {"creator": 2, "product": 10, "text": "Excepturi atque qui sint est nostrum. Repudiandae ab dolore ipsa non. Optio dolores voluptate autem quaerat sunt dolore.\n", "grade": 3, "created_at": "2021-08-01T07:27:03.738Z", "updated_at": "2021-08-12T07:46:19.649Z"}}, {"model": "app.productreview", "pk": 13, "fields": {"creator": 1, "product": 10, "text": "Distinctio possimus occaecati eveniet quas facilis. Itaque expedita voluptate quas debitis. Ullam vel illum dolore.\n", "grade": 4, "created_at": "2021-08-01T09:52:12.741Z", "updated_at": "2021-08-14T04:52:38.112Z"}}, {"model": "app.productcollections", "pk": 1, "fields": {"header": "Qui perferendis laborum doloribus", "text": "Ipsam hic eaque corrupti accusamus eum corporis. Ut eaque nisi. Eius sint ea possimus molestiae.", "created_at": "2021-07-28T05:06:40.504Z", "updated_at": "2021-08-01T15:21:40.777Z", "products": [4, 5]}}, {"model": "app.productcollections", "pk": 3, "fields": {"header": "Fugiat consequatur magni at", "text": "Illo officia dolor temporibus. Repellat deleniti placeat blanditiis voluptate officia. Quidem quas officia dignissimos.", "created_at": "2021-08-01T15:16:42.350Z", "updated_at": "2021-08-01T15:16:42.350Z", "products": [1, 4]}}]