<application>
  <component name="FileTypeManager" version="18">
    <ignoreFiles list="*$py.class;*.pyc;*.pyo;*.rbc;*.yarb;*~;.DS_Store;.git;.hg;.svn;CVS;__pycache__;_svn;vssver.scc;vssver2.scc" />
    <extensionMap>
      <mapping pattern="Procfile" type="AUTO_DETECTED" />
      <mapping pattern="Terminal commands" type="AUTO_DETECTED" />
      <mapping pattern="index.html" type="AUTO_DETECTED" />
      <mapping pattern="статьи" type="AUTO_DETECTED" />
      <mapping pattern="env" type="AUTO_DETECTED" />
      <mapping pattern="статьи.txt" type="AUTO_DETECTED" />
      <mapping pattern=".env.prod.db" type="PLAIN_TEXT" />
      <mapping pattern=".env.prod" type="PLAIN_TEXT" />
      <mapping pattern=".env" type="PLAIN_TEXT" />
      <mapping pattern=".env.dev" type="PLAIN_TEXT" />
      <mapping ext="env" type="PLAIN_TEXT" />
      <mapping ext="yml " type="PLAIN_TEXT" />
      <mapping ext="prod" type="PLAIN_TEXT" />
    </extensionMap>
  </component>
</application>